rank,gene,log2fc_a_vs_b,score,pct_expr_a,pct_expr_b,mean_a,mean_b,result_mode,color_column,region_a_id,region_a_label,region_a_section_id,region_a_n_cells,region_b_id,region_b_label,region_b_section_id,region_b_n_cells,loaded_gene_count,total_gene_count,exported_at
1,Gpr88,7.940385094968451,58.68688479337141,0.7809798270893372,0.009406952965235174,1.473546051068677,0.005997876442039428,full-sidecar,cell_class_updated,1,Annotation 1,RB4630,1388,2,Annotation 2,RB4630,2445,5101,5101,2026-04-16T13:29:06.829Z
2,Ppp1r1b,4.362538921816941,54.76161063101505,0.7680115273775217,0.09529652351738241,1.3198274786474038,0.06415871445142905,full-sidecar,cell_class_updated,1,Annotation 1,RB4630,1388,2,Annotation 2,RB4630,2445,5101,5101,2026-04-16T13:29:06.829Z
3,Scn4b,5.372537942205539,50.92896990958047,0.7247838616714697,0.06503067484662577,1.1644841139271898,0.028107577501386708,full-sidecar,cell_class_updated,1,Annotation 1,RB4630,1388,2,Annotation 2,RB4630,2445,5101,5101,2026-04-16T13:29:06.829Z
4,Pde10a,3.308320621313195,48.51469416659312,0.7456772334293948,0.2179959100204499,1.331010767250652,0.1343615237707253,full-sidecar,cell_class_updated,1,Annotation 1,RB4630,1388,2,Annotation 2,RB4630,2445,5101,5101,2026-04-16T13:29:06.829Z
5,Rgs9,5.7658448624181124,41.93862128282539,0.6289625360230547,0.023721881390593048,0.8334485970072513,0.015316471713452252,full-sidecar,cell_class_updated,1,Annotation 1,RB4630,1388,2,Annotation 2,RB4630,2445,5101,5101,2026-04-16T13:29:06.829Z
6,Meis2,4.7963440862186415,41.44818228386004,0.6512968299711815,0.044989775051124746,0.7589996184198244,0.027313841845847835,full-sidecar,cell_class_updated,1,Annotation 1,RB4630,1388,2,Annotation 2,RB4630,2445,5101,5101,2026-04-16T13:29:06.829Z
7,Actn2,2.9530401546945817,27.722626579771617,0.5079250720461095,0.11574642126789365,0.49605533729712625,0.0640575844207912,full-sidecar,cell_class_updated,1,Annotation 1,RB4630,1388,2,Annotation 2,RB4630,2445,5101,5101,2026-04-16T13:29:06.829Z
8,Adora2a,5.921226940397258,26.688017503758502,0.404178674351585,0.011451942740286299,0.5265836793424761,0.008688630288607748,full-sidecar,cell_class_updated,1,Annotation 1,RB4630,1388,2,Annotation 2,RB4630,2445,5101,5101,2026-04-16T13:29:06.829Z
9,Tac1,5.021527160463394,25.23083158062696,0.3976945244956772,0.01717791411042945,0.48663907413309176,0.014981268306695123,full-sidecar,cell_class_updated,1,Annotation 1,RB4630,1388,2,Annotation 2,RB4630,2445,5101,5101,2026-04-16T13:29:06.829Z
10,Pde7b,3.317904489176482,24.99109781708254,0.4373198847262248,0.052351738241308794,0.3598547768416769,0.03608507977794772,full-sidecar,cell_class_updated,1,Annotation 1,RB4630,1388,2,Annotation 2,RB4630,2445,5101,5101,2026-04-16T13:29:06.829Z
11,Drd1,5.0302697510609375,22.804066834435233,0.33213256484149856,0.0196319018404908,0.35450915221436224,0.010847422614663168,full-sidecar,cell_class_updated,1,Annotation 1,RB4630,1388,2,Annotation 2,RB4630,2445,5101,5101,2026-04-16T13:29:06.829Z
12,Cd4,10.766284331441662,20.566004638784104,0.28170028818443804,0.00040899795501022495,0.1940714247975638,0.00011042670969582774,full-sidecar,cell_class_updated,1,Annotation 1,RB4630,1388,2,Annotation 2,RB4630,2445,5101,5101,2026-04-16T13:29:06.829Z
13,Akap5,2.244275536789705,20.554813317406996,0.42219020172910665,0.1296523517382413,0.35361267606961283,0.07463267000662525,full-sidecar,cell_class_updated,1,Annotation 1,RB4630,1388,2,Annotation 2,RB4630,2445,5101,5101,2026-04-16T13:29:06.829Z
14,Mme,3.9894529505829963,20.361312563603033,0.30979827089337175,0.026175869120654397,0.22895359464784176,0.014413658534090943,full-sidecar,cell_class_updated,1,Annotation 1,RB4630,1388,2,Annotation 2,RB4630,2445,5101,5101,2026-04-16T13:29:06.829Z
15,Gad2,1.979197444215787,20.304287583507193,0.4697406340057637,0.12024539877300613,0.39905442849273987,0.101211796606489,full-sidecar,cell_class_updated,1,Annotation 1,RB4630,1388,2,Annotation 2,RB4630,2445,5101,5101,2026-04-16T13:29:06.829Z
16,Hrh3,3.955133270039737,20.286242895609274,0.3134005763688761,0.029447852760736196,0.22772222370854028,0.014681282365248979,full-sidecar,cell_class_updated,1,Annotation 1,RB4630,1388,2,Annotation 2,RB4630,2445,5101,5101,2026-04-16T13:29:06.829Z
17,Lrrk2,3.2874035215070765,20.01155294839702,0.3371757925072046,0.050715746421267895,0.2443132584737426,0.02502213654952059,full-sidecar,cell_class_updated,1,Annotation 1,RB4630,1388,2,Annotation 2,RB4630,2445,5101,5101,2026-04-16T13:29:06.829Z
18,Sv2c,3.039211015217737,19.97841697348841,0.3451008645533141,0.044171779141104296,0.2525117573159229,0.03071676725502638,full-sidecar,cell_class_updated,1,Annotation 1,RB4630,1388,2,Annotation 2,RB4630,2445,5101,5101,2026-04-16T13:29:06.829Z
19,Gpr6,8.070834750747728,18.869630912749045,0.23847262247838616,0.0016359918200408998,0.23232014860517697,0.0008630231845598279,full-sidecar,cell_class_updated,1,Annotation 1,RB4630,1388,2,Annotation 2,RB4630,2445,5101,5101,2026-04-16T13:29:06.829Z
20,Ric8b,2.027364676401491,18.770995724920677,0.39985590778097985,0.13824130879345603,0.3194760224682625,0.07836759276916644,full-sidecar,cell_class_updated,1,Annotation 1,RB4630,1388,2,Annotation 2,RB4630,2445,5101,5101,2026-04-16T13:29:06.829Z
21,Six3,7.565433244373747,18.661501272621162,0.25144092219020175,0.002044989775051125,0.172565088674469,0.0009100309239818518,full-sidecar,cell_class_updated,1,Annotation 1,RB4630,1388,2,Annotation 2,RB4630,2445,5101,5101,2026-04-16T13:29:06.829Z
22,Pdyn,2.8145050637632045,18.193705700703322,0.3076368876080692,0.05807770961145194,0.30002400766446197,0.042647818888867074,full-sidecar,cell_class_updated,1,Annotation 1,RB4630,1388,2,Annotation 2,RB4630,2445,5101,5101,2026-04-16T13:29:06.829Z
23,Drd2,6.678018359614752,17.869908488738066,0.22838616714697407,0.004498977505112475,0.18479825719460974,0.0018037472278306333,full-sidecar,cell_class_updated,1,Annotation 1,RB4630,1388,2,Annotation 2,RB4630,2445,5101,5101,2026-04-16T13:29:06.829Z
24,Lrrtm3,2.45171017604557,17.817220708023026,0.3400576368876081,0.06912065439672802,0.2563418393433953,0.04685690707102388,full-sidecar,cell_class_updated,1,Annotation 1,RB4630,1388,2,Annotation 2,RB4630,2445,5101,5101,2026-04-16T13:29:06.829Z
25,B3gnt2,1.913620646049039,17.764285484759185,0.39481268011527376,0.12842535787321063,0.3129406502250292,0.08306172096412362,full-sidecar,cell_class_updated,1,Annotation 1,RB4630,1388,2,Annotation 2,RB4630,2445,5101,5101,2026-04-16T13:29:06.829Z
26,Rxrg,6.204639179935323,17.141229992057838,0.2211815561959654,0.0036809815950920245,0.1536128753715702,0.0020818017804061953,full-sidecar,cell_class_updated,1,Annotation 1,RB4630,1388,2,Annotation 2,RB4630,2445,5101,5101,2026-04-16T13:29:06.829Z
27,Sh3rf2,16.970281260311484,16.663711693702844,0.2017291066282421,0,0.12839860692405564,0,full-sidecar,cell_class_updated,1,Annotation 1,RB4630,1388,2,Annotation 2,RB4630,2445,5101,5101,2026-04-16T13:29:06.829Z
28,Gpr83,2.456610711523218,16.498169178841096,0.3004322766570605,0.07770961145194274,0.2166067414651343,0.03945930722666664,full-sidecar,cell_class_updated,1,Annotation 1,RB4630,1388,2,Annotation 2,RB4630,2445,5101,5101,2026-04-16T13:29:06.829Z
29,Chrm4,3.758842487393415,15.922010935210931,0.22046109510086456,0.029447852760736196,0.16273435434965305,0.012020469979518274,full-sidecar,cell_class_updated,1,Annotation 1,RB4630,1388,2,Annotation 2,RB4630,2445,5101,5101,2026-04-16T13:29:06.829Z
30,Syt6,5.179967692134558,15.866949796387864,0.207492795389049,0.005316973415132925,0.12965604033782777,0.0035756006562636675,full-sidecar,cell_class_updated,1,Annotation 1,RB4630,1388,2,Annotation 2,RB4630,2445,5101,5101,2026-04-16T13:29:06.829Z
31,Rarb,4.376548437854775,15.423001216564593,0.1952449567723343,0.012269938650306749,0.1252096821084318,0.0060269414342498,full-sidecar,cell_class_updated,1,Annotation 1,RB4630,1388,2,Annotation 2,RB4630,2445,5101,5101,2026-04-16T13:29:06.829Z
32,Dlx6,4.603635017813958,15.120771230699196,0.18371757925072046,0.00899795501022495,0.11185952174002224,0.004599919250893934,full-sidecar,cell_class_updated,1,Annotation 1,RB4630,1388,2,Annotation 2,RB4630,2445,5101,5101,2026-04-16T13:29:06.829Z
33,Htr1b,6.208233190876261,15.03928007206357,0.1829971181556196,0.0032719836400817996,0.11552826323753132,0.0015615272253812701,full-sidecar,cell_class_updated,1,Annotation 1,RB4630,1388,2,Annotation 2,RB4630,2445,5101,5101,2026-04-16T13:29:06.829Z
34,Bcl11b,1.2925765552294566,14.757189153830653,0.43515850144092216,0.1950920245398773,0.35325192591384785,0.14420437654042292,full-sidecar,cell_class_updated,1,Annotation 1,RB4630,1388,2,Annotation 2,RB4630,2445,5101,5101,2026-04-16T13:29:06.829Z
35,Sema3a,4.8982269506433225,14.703942863067654,0.1786743515850144,0.005316973415132925,0.10789453313398774,0.0036171804907863124,full-sidecar,cell_class_updated,1,Annotation 1,RB4630,1388,2,Annotation 2,RB4630,2445,5101,5101,2026-04-16T13:29:06.829Z
36,Gabrd,2.4632850664591954,14.573708863580912,0.24927953890489912,0.04621676891615542,0.1585216441591638,0.028744417112054024,full-sidecar,cell_class_updated,1,Annotation 1,RB4630,1388,2,Annotation 2,RB4630,2445,5101,5101,2026-04-16T13:29:06.829Z
37,Efnb2,3.2746346077811808,14.455484017365956,0.20461095100864554,0.022494887525562373,0.13062504339716277,0.013496910081319282,full-sidecar,cell_class_updated,1,Annotation 1,RB4630,1388,2,Annotation 2,RB4630,2445,5101,5101,2026-04-16T13:29:06.829Z
38,Npas2,2.2777127999737923,14.427524679938148,0.2716138328530259,0.05848670756646217,0.18413393037334644,0.037972122266248694,full-sidecar,cell_class_updated,1,Annotation 1,RB4630,1388,2,Annotation 2,RB4630,2445,5101,5101,2026-04-16T13:29:06.829Z
39,Foxp2,6.28925541095125,14.423555970460813,0.16066282420749278,0.0036809815950920245,0.10572831070732315,0.0013508884940898248,full-sidecar,cell_class_updated,1,Annotation 1,RB4630,1388,2,Annotation 2,RB4630,2445,5101,5101,2026-04-16T13:29:06.829Z
40,Mtcl1,2.6035385835250753,14.380832927875039,0.23270893371757925,0.0408997955010225,0.14375851221747632,0.023652389426172878,full-sidecar,cell_class_updated,1,Annotation 1,RB4630,1388,2,Annotation 2,RB4630,2445,5101,5101,2026-04-16T13:29:06.829Z
41,Dach1,4.347571360175969,14.317537038033814,0.18011527377521613,0.007770961145194274,0.10945100384504032,0.005375186541329132,full-sidecar,cell_class_updated,1,Annotation 1,RB4630,1388,2,Annotation 2,RB4630,2445,5101,5101,2026-04-16T13:29:06.829Z
42,Pld5,4.47267214995604,14.103583825845874,0.16786743515850144,0.006952965235173824,0.10004121502083042,0.004504830193665862,full-sidecar,cell_class_updated,1,Annotation 1,RB4630,1388,2,Annotation 2,RB4630,2445,5101,5101,2026-04-16T13:29:06.829Z
43,Kcnk2,1.638142463525948,13.494338368768549,0.30547550432276654,0.11042944785276074,0.22266605263441716,0.07153521237746338,full-sidecar,cell_class_updated,1,Annotation 1,RB4630,1388,2,Annotation 2,RB4630,2445,5101,5101,2026-04-16T13:29:06.829Z
44,Actn1,1.2653172342569037,13.415720337672088,0.37896253602305474,0.1950920245398773,0.29025526334040447,0.12074789314974549,full-sidecar,cell_class_updated,1,Annotation 1,RB4630,1388,2,Annotation 2,RB4630,2445,5101,5101,2026-04-16T13:29:06.829Z
45,Gabrg3,1.9644332301538097,13.153076859306287,0.2564841498559078,0.06421267893660532,0.17866991135031415,0.04578160771563009,full-sidecar,cell_class_updated,1,Annotation 1,RB4630,1388,2,Annotation 2,RB4630,2445,5101,5101,2026-04-16T13:29:06.829Z
46,Pbx3,4.075048297603864,13.130366657366132,0.16066282420749278,0.0098159509202454,0.1051264828881544,0.006236412907914394,full-sidecar,cell_class_updated,1,Annotation 1,RB4630,1388,2,Annotation 2,RB4630,2445,5101,5101,2026-04-16T13:29:06.829Z
47,Lamp5,2.607727956317834,12.76910844743651,0.19740634005763688,0.03885480572597137,0.1249061963636353,0.020490942331667084,full-sidecar,cell_class_updated,1,Annotation 1,RB4630,1388,2,Annotation 2,RB4630,2445,5101,5101,2026-04-16T13:29:06.829Z
48,Adgrl2,3.7458947752686202,12.64389964005701,0.15489913544668588,0.013496932515337423,0.0976010805011998,0.0072739897756732555,full-sidecar,cell_class_updated,1,Annotation 1,RB4630,1388,2,Annotation 2,RB4630,2445,5101,5101,2026-04-16T13:29:06.829Z
49,Dlx5,2.408411623267582,12.634666338895327,0.20028818443804033,0.034764826175869123,0.12131488368301639,0.022850437520228035,full-sidecar,cell_class_updated,1,Annotation 1,RB4630,1388,2,Annotation 2,RB4630,2445,5101,5101,2026-04-16T13:29:06.829Z
50,Pou3f1,3.4179001192022147,12.539600178825589,0.1563400576368876,0.011451942740286299,0.09746710282967826,0.009118521567015073,full-sidecar,cell_class_updated,1,Annotation 1,RB4630,1388,2,Annotation 2,RB4630,2445,5101,5101,2026-04-16T13:29:06.829Z
51,Rbms1,2.4665389961297803,12.508911125157503,0.19596541786743515,0.03558282208588957,0.12625739890921012,0.022842258501394153,full-sidecar,cell_class_updated,1,Annotation 1,RB4630,1388,2,Annotation 2,RB4630,2445,5101,5101,2026-04-16T13:29:06.829Z
52,Meis1,5.381725452455322,12.451102313056285,0.13256484149855907,0.0028629856850715747,0.08155339421645365,0.00195507983732321,full-sidecar,cell_class_updated,1,Annotation 1,RB4630,1388,2,Annotation 2,RB4630,2445,5101,5101,2026-04-16T13:29:06.829Z
53,Ido1,6.9495108002091595,12.418665582591226,0.12536023054755044,0.0016359918200408998,0.07286297169216084,0.0005885241953141851,full-sidecar,cell_class_updated,1,Annotation 1,RB4630,1388,2,Annotation 2,RB4630,2445,5101,5101,2026-04-16T13:29:06.829Z
54,Srgap1,2.1129996440899674,12.240315504128429,0.20965417867435157,0.06094069529652352,0.1376648516171432,0.031822647260985736,full-sidecar,cell_class_updated,1,Annotation 1,RB4630,1388,2,Annotation 2,RB4630,2445,5101,5101,2026-04-16T13:29:06.829Z
55,Cacna2d2,2.4307319205172484,12.223209443465501,0.19452449567723343,0.03803680981595092,0.11985182571050414,0.02222826269384786,full-sidecar,cell_class_updated,1,Annotation 1,RB4630,1388,2,Annotation 2,RB4630,2445,5101,5101,2026-04-16T13:29:06.829Z
56,Otof,4.3495028980631085,11.62785365093496,0.11959654178674352,0.00899795501022495,0.09112059494603951,0.004468824527014984,full-sidecar,cell_class_updated,1,Annotation 1,RB4630,1388,2,Annotation 2,RB4630,2445,5101,5101,2026-04-16T13:29:06.829Z
57,Tgfa,1.481396795637856,11.603404047992814,0.2723342939481268,0.10552147239263804,0.187139863905199,0.06702198391067957,full-sidecar,cell_class_updated,1,Annotation 1,RB4630,1388,2,Annotation 2,RB4630,2445,5101,5101,2026-04-16T13:29:06.829Z
58,Clic6,4.027315342350174,11.478938935677025,0.11959654178674352,0.0081799591002045,0.06806247183242517,0.004173181972376896,full-sidecar,cell_class_updated,1,Annotation 1,RB4630,1388,2,Annotation 2,RB4630,2445,5101,5101,2026-04-16T13:29:06.829Z
59,Smpd3,1.5200339094167394,11.477961553682922,0.25720461095100866,0.11738241308793455,0.16720490010525033,0.058299972202270796,full-sidecar,cell_class_updated,1,Annotation 1,RB4630,1388,2,Annotation 2,RB4630,2445,5101,5101,2026-04-16T13:29:06.829Z
60,Gad1,1.031482696384603,11.365543650518957,0.4092219020172911,0.17995910020449898,0.3348409220554815,0.16380605203364282,full-sidecar,cell_class_updated,1,Annotation 1,RB4630,1388,2,Annotation 2,RB4630,2445,5101,5101,2026-04-16T13:29:06.829Z
61,Epb41,1.7179884965157233,11.330496574822053,0.23126801152737753,0.06421267893660532,0.14942207658711704,0.04541946797648822,full-sidecar,cell_class_updated,1,Annotation 1,RB4630,1388,2,Annotation 2,RB4630,2445,5101,5101,2026-04-16T13:29:06.829Z
62,Htr2a,1.665527055946054,11.161639634352621,0.22694524495677235,0.08957055214723926,0.14851196202575645,0.04681461765478481,full-sidecar,cell_class_updated,1,Annotation 1,RB4630,1388,2,Annotation 2,RB4630,2445,5101,5101,2026-04-16T13:29:06.829Z
63,Syt2,3.2832528459868535,11.107643589212987,0.1361671469740634,0.011042944785276074,0.08120264693751116,0.008339996602393854,full-sidecar,cell_class_updated,1,Annotation 1,RB4630,1388,2,Annotation 2,RB4630,2445,5101,5101,2026-04-16T13:29:06.829Z
64,Grm8,2.4467895087434197,10.979648779904606,0.15778097982708933,0.026584867075664622,0.09424596090911101,0.017285629326824273,full-sidecar,cell_class_updated,1,Annotation 1,RB4630,1388,2,Annotation 2,RB4630,2445,5101,5101,2026-04-16T13:29:06.829Z
65,Acvr1c,1.8422345455790445,10.969241431595865,0.20244956772334294,0.06134969325153374,0.13261405182116656,0.03698394371078546,full-sidecar,cell_class_updated,1,Annotation 1,RB4630,1388,2,Annotation 2,RB4630,2445,5101,5101,2026-04-16T13:29:06.829Z
66,Cdh13,2.2122276600688595,10.826723525706711,0.1685878962536023,0.03353783231083845,0.09914784401826969,0.021395403146743774,full-sidecar,cell_class_updated,1,Annotation 1,RB4630,1388,2,Annotation 2,RB4630,2445,5101,5101,2026-04-16T13:29:06.829Z
67,Kcna4,1.4480862687065714,10.821812555139132,0.26296829971181557,0.10020449897750511,0.173771624885478,0.06368793080616095,full-sidecar,cell_class_updated,1,Annotation 1,RB4630,1388,2,Annotation 2,RB4630,2445,5101,5101,2026-04-16T13:29:06.829Z
68,Fbxl16,1.13368821465999,10.757204309995506,0.3256484149855908,0.17586912065439672,0.2427041978180752,0.11061168106421371,full-sidecar,cell_class_updated,1,Annotation 1,RB4630,1388,2,Annotation 2,RB4630,2445,5101,5101,2026-04-16T13:29:06.829Z
69,Foxo1,1.1647994048391288,10.745859278876498,0.32204610951008644,0.1394683026584867,0.23597669513407632,0.10525125158162205,full-sidecar,cell_class_updated,1,Annotation 1,RB4630,1388,2,Annotation 2,RB4630,2445,5101,5101,2026-04-16T13:29:06.829Z
70,Itga5,3.7992602736558276,10.257132154727529,0.10806916426512968,0.0049079754601227,0.06459029019952507,0.0046386226067026215,full-sidecar,cell_class_updated,1,Annotation 1,RB4630,1388,2,Annotation 2,RB4630,2445,5101,5101,2026-04-16T13:29:06.829Z
71,Ryr1,1.9824839519030302,10.209150086177385,0.16930835734870317,0.04049079754601227,0.1055308477013702,0.026704235158571194,full-sidecar,cell_class_updated,1,Annotation 1,RB4630,1388,2,Annotation 2,RB4630,2445,5101,5101,2026-04-16T13:29:06.829Z
72,Htr2c,2.69312412752658,10.148479231313946,0.12680115273775217,0.020858895705521473,0.0745853955189158,0.011532164205071384,full-sidecar,cell_class_updated,1,Annotation 1,RB4630,1388,2,Annotation 2,RB4630,2445,5101,5101,2026-04-16T13:29:06.829Z
73,Ppargc1b,1.3840545066299366,10.142626890122472,0.23703170028818443,0.10429447852760736,0.1486423950137769,0.05695030681316594,full-sidecar,cell_class_updated,1,Annotation 1,RB4630,1388,2,Annotation 2,RB4630,2445,5101,5101,2026-04-16T13:29:06.829Z
74,Akap9,1.3353828572996236,10.033316857689744,0.25144092219020175,0.10715746421267894,0.16361098341450567,0.06483628393316561,full-sidecar,cell_class_updated,1,Annotation 1,RB4630,1388,2,Annotation 2,RB4630,2445,5101,5101,2026-04-16T13:29:06.829Z
75,Sytl5,2.2460801081455575,9.957809575505166,0.14337175792507204,0.02985685071574642,0.09245429322209413,0.01948821268564353,full-sidecar,cell_class_updated,1,Annotation 1,RB4630,1388,2,Annotation 2,RB4630,2445,5101,5101,2026-04-16T13:29:06.829Z
76,Fam20c,1.5243278877580222,9.911198872618268,0.20389048991354466,0.0834355828220859,0.12606565819607687,0.043824998866804785,full-sidecar,cell_class_updated,1,Annotation 1,RB4630,1388,2,Annotation 2,RB4630,2445,5101,5101,2026-04-16T13:29:06.829Z
77,Stk32a,2.9490545342136385,9.821395868726448,0.10878962536023054,0.013496932515337423,0.06312026361524199,0.008172758664090209,full-sidecar,cell_class_updated,1,Annotation 1,RB4630,1388,2,Annotation 2,RB4630,2445,5101,5101,2026-04-16T13:29:06.829Z
78,Smarca1,1.1677706204316023,9.597589608332761,0.2716138328530259,0.14805725971370143,0.18932009737412592,0.08426745437954102,full-sidecar,cell_class_updated,1,Annotation 1,RB4630,1388,2,Annotation 2,RB4630,2445,5101,5101,2026-04-16T13:29:06.829Z
79,Lmo2,1.9595209017799857,9.477059237265868,0.1585014409221902,0.033128834355828224,0.09459890198681815,0.024321942765776122,full-sidecar,cell_class_updated,1,Annotation 1,RB4630,1388,2,Annotation 2,RB4630,2445,5101,5101,2026-04-16T13:29:06.829Z
80,Cntnap3,3.098606869240353,9.385834735490171,0.10086455331412104,0.012678936605316974,0.06186828884679921,0.0072217321834681224,full-sidecar,cell_class_updated,1,Annotation 1,RB4630,1388,2,Annotation 2,RB4630,2445,5101,5101,2026-04-16T13:29:06.829Z
81,Klf5,2.5409021176139146,9.365073239809988,0.11527377521613832,0.021676891615541923,0.07222742383349526,0.012410388908259464,full-sidecar,cell_class_updated,1,Annotation 1,RB4630,1388,2,Annotation 2,RB4630,2445,5101,5101,2026-04-16T13:29:06.829Z
82,Egr3,0.7604914023598492,9.341572046332724,0.40129682997118155,0.27975460122699386,0.32681705887491147,0.19291814239295713,full-sidecar,cell_class_updated,1,Annotation 1,RB4630,1388,2,Annotation 2,RB4630,2445,5101,5101,2026-04-16T13:29:06.829Z
83,Reln,2.1373835811439172,9.233953915019063,0.13328530259365995,0.022494887525562373,0.07331342551782083,0.01666275476751152,full-sidecar,cell_class_updated,1,Annotation 1,RB4630,1388,2,Annotation 2,RB4630,2445,5101,5101,2026-04-16T13:29:06.829Z
84,Nt5e,2.896785143755829,9.155344272483305,0.10230547550432277,0.014723926380368098,0.06493215324083391,0.008717610456948388,full-sidecar,cell_class_updated,1,Annotation 1,RB4630,1388,2,Annotation 2,RB4630,2445,5101,5101,2026-04-16T13:29:06.829Z
85,Plxnd1,3.4962131724953536,9.097033743397592,0.09005763688760807,0.006543967280163599,0.05325401942607992,0.00471849479314496,full-sidecar,cell_class_updated,1,Annotation 1,RB4630,1388,2,Annotation 2,RB4630,2445,5101,5101,2026-04-16T13:29:06.829Z
86,Plppr3,1.3050738005819005,9.096545139375497,0.2154178674351585,0.10102249488752556,0.1319409265298321,0.05339595115989264,full-sidecar,cell_class_updated,1,Annotation 1,RB4630,1388,2,Annotation 2,RB4630,2445,5101,5101,2026-04-16T13:29:06.829Z
87,Adamts3,1.2799590827672442,9.056266760563949,0.21253602305475505,0.10552147239263804,0.13514447925070178,0.05565287978188392,full-sidecar,cell_class_updated,1,Annotation 1,RB4630,1388,2,Annotation 2,RB4630,2445,5101,5101,2026-04-16T13:29:06.829Z
88,Cited4,4.82492795237222,9.046561387725209,0.07564841498559077,0.00245398773006135,0.04057640060567719,0.0014306477730015791,full-sidecar,cell_class_updated,1,Annotation 1,RB4630,1388,2,Annotation 2,RB4630,2445,5101,5101,2026-04-16T13:29:06.829Z
89,Hecw2,1.4009874272504412,8.956708624631293,0.2017291066282421,0.08875255623721881,0.13160002970214535,0.04983234599019364,full-sidecar,cell_class_updated,1,Annotation 1,RB4630,1388,2,Annotation 2,RB4630,2445,5101,5101,2026-04-16T13:29:06.829Z
90,Cacng3,1.2959131044627425,8.946735459145469,0.20677233429394812,0.08588957055214724,0.1163058453038206,0.047368255598900996,full-sidecar,cell_class_updated,1,Annotation 1,RB4630,1388,2,Annotation 2,RB4630,2445,5101,5101,2026-04-16T13:29:06.829Z
91,Gpr149,4.207785842461839,8.931308787638843,0.07780979827089338,0.0057259713701431495,0.04612280467058121,0.0024950620099323173,full-sidecar,cell_class_updated,1,Annotation 1,RB4630,1388,2,Annotation 2,RB4630,2445,5101,5101,2026-04-16T13:29:06.829Z
92,Pde1c,2.169966358745719,8.921336832821833,0.12319884726224783,0.023721881390593048,0.07590539452837249,0.016866604127523114,full-sidecar,cell_class_updated,1,Annotation 1,RB4630,1388,2,Annotation 2,RB4630,2445,5101,5101,2026-04-16T13:29:06.829Z
93,Ptchd1,2.46452659803237,8.808064818374616,0.10590778097982709,0.016768916155419224,0.05921314769459389,0.010727254104760527,full-sidecar,cell_class_updated,1,Annotation 1,RB4630,1388,2,Annotation 2,RB4630,2445,5101,5101,2026-04-16T13:29:06.829Z
94,Myo16,1.3010687076401874,8.691072598210424,0.19668587896253603,0.09120654396728016,0.12540753157836215,0.05089297536570114,full-sidecar,cell_class_updated,1,Annotation 1,RB4630,1388,2,Annotation 2,RB4630,2445,5101,5101,2026-04-16T13:29:06.829Z
95,Cntn4,2.0256526742754626,8.597421237743424,0.11743515850144093,0.031083844580777096,0.06537552248761702,0.01605508283603411,full-sidecar,cell_class_updated,1,Annotation 1,RB4630,1388,2,Annotation 2,RB4630,2445,5101,5101,2026-04-16T13:29:06.829Z
96,Isl1,7.288797211028565,8.562498236674621,0.06051873198847262,0.00040899795501022495,0.03071152521914639,0.00019541241396180448,full-sidecar,cell_class_updated,1,Annotation 1,RB4630,1388,2,Annotation 2,RB4630,2445,5101,5101,2026-04-16T13:29:06.829Z
97,Acvrl1,1.8099937976744607,8.500798262450783,0.14265129682997119,0.034764826175869123,0.11138170218948672,0.031764472871714085,full-sidecar,cell_class_updated,1,Annotation 1,RB4630,1388,2,Annotation 2,RB4630,2445,5101,5101,2026-04-16T13:29:06.829Z
98,Nefm,0.8598486017291542,8.459807018297575,0.30331412103746397,0.20204498977505111,0.22958576889649593,0.12650369246069396,full-sidecar,cell_class_updated,1,Annotation 1,RB4630,1388,2,Annotation 2,RB4630,2445,5101,5101,2026-04-16T13:29:06.829Z
99,Ppp2r2a,1.249771185615047,8.450306693653246,0.20028818443804033,0.09652351738241309,0.13152435454150785,0.055307370899645096,full-sidecar,cell_class_updated,1,Annotation 1,RB4630,1388,2,Annotation 2,RB4630,2445,5101,5101,2026-04-16T13:29:06.829Z
100,Grm4,2.930020193867924,8.446248486858877,0.08717579250720461,0.014314928425357873,0.051512883165556,0.006758278212176754,full-sidecar,cell_class_updated,1,Annotation 1,RB4630,1388,2,Annotation 2,RB4630,2445,5101,5101,2026-04-16T13:29:06.829Z