rank,gene,log2fc_a_vs_b,score,pct_expr_a,pct_expr_b,mean_a,mean_b,result_mode,color_column,group_a_label,group_a_kind,group_a_column,group_a_value,group_a_n_cells,group_a_scope,group_a_restriction_column,group_a_restriction_value,group_b_label,group_b_kind,group_b_column,group_b_value,group_b_n_cells,group_b_scope,group_b_restriction_column,group_b_restriction_value,loaded_gene_count,total_gene_count,exported_at
1,Hist1h4h,1.4249958641384184,19.80404995717492,0.3545994065281899,0.16334323292320746,1.7910583428706897,0.6670260967518447,full-sidecar,leiden,leiden = 0,annotation,leiden,0,2696,all,,,leiden = 1,annotation,leiden,1,2357,all,,,4671,4671,2026-05-20T11:23:18.294Z
2,Car2,0.3457937383440961,14.751015849205015,0.8060089020771514,0.714891811624947,4.845863251993848,3.8130881259337186,full-sidecar,leiden,leiden = 0,annotation,leiden,0,2696,all,,,leiden = 1,annotation,leiden,1,2357,all,,,4671,4671,2026-05-20T11:23:18.294Z
3,Hist2h2bb,0.38067334823057725,13.944693782345995,0.7503709198813057,0.6487059821807383,4.314931512055836,3.3142081433855783,full-sidecar,leiden,leiden = 0,annotation,leiden,0,2696,all,,,leiden = 1,annotation,leiden,1,2357,all,,,4671,4671,2026-05-20T11:23:18.294Z
4,Slc4a1,0.35406562021196064,11.895278772204385,0.6973293768545994,0.6279168434450573,4.0194668005765015,3.1447349235978126,full-sidecar,leiden,leiden = 0,annotation,leiden,0,2696,all,,,leiden = 1,annotation,leiden,1,2357,all,,,4671,4671,2026-05-20T11:23:18.294Z
5,Cd24a,0.47885373264568143,10.842600207670545,0.512240356083086,0.4187526516758591,2.6220039819928234,1.8814121513585191,full-sidecar,leiden,leiden = 0,annotation,leiden,0,2696,all,,,leiden = 1,annotation,leiden,1,2357,all,,,4671,4671,2026-05-20T11:23:18.294Z
6,Tfrc,0.6494641740584537,8.467913965358994,0.2577893175074184,0.19261773440814595,1.2586649623575126,0.8024200081167759,full-sidecar,leiden,leiden = 0,annotation,leiden,0,2696,all,,,leiden = 1,annotation,leiden,1,2357,all,,,4671,4671,2026-05-20T11:23:18.294Z
7,Klf1,0.6319192772442203,8.130539008533761,0.2522255192878338,0.18837505303351718,1.2234185875700205,0.7894928880197091,full-sidecar,leiden,leiden = 0,annotation,leiden,0,2696,all,,,leiden = 1,annotation,leiden,1,2357,all,,,4671,4671,2026-05-20T11:23:18.294Z
8,Cpox,0.626700273565854,8.070155508247055,0.2507418397626113,0.1900721255833687,1.2128989797317664,0.7855409964900124,full-sidecar,leiden,leiden = 0,annotation,leiden,0,2696,all,,,leiden = 1,annotation,leiden,1,2357,all,,,4671,4671,2026-05-20T11:23:18.294Z
9,Epb41,0.40949455609219093,7.223310162552457,0.37166172106824924,0.32074671192193466,1.8444008689252134,1.3886253729582743,full-sidecar,leiden,leiden = 0,annotation,leiden,0,2696,all,,,leiden = 1,annotation,leiden,1,2357,all,,,4671,4671,2026-05-20T11:23:18.294Z
10,Pcna,0.704705691803761,7.209875561060268,0.17729970326409494,0.12770470937632583,0.8332874076302752,0.5112778041946417,full-sidecar,leiden,leiden = 0,annotation,leiden,0,2696,all,,,leiden = 1,annotation,leiden,1,2357,all,,,4671,4671,2026-05-20T11:23:18.294Z
11,Mcm2,0.7115195195195302,7.078877174327386,0.1687685459940653,0.12176495545184557,0.7952702346116923,0.4856525371779716,full-sidecar,leiden,leiden = 0,annotation,leiden,0,2696,all,,,leiden = 1,annotation,leiden,1,2357,all,,,4671,4671,2026-05-20T11:23:18.294Z
12,Ccna2,0.7023616551247497,6.990524341832913,0.16839762611275966,0.12261349172677131,0.7969465054991691,0.48977532657870915,full-sidecar,leiden,leiden = 0,annotation,leiden,0,2696,all,,,leiden = 1,annotation,leiden,1,2357,all,,,4671,4671,2026-05-20T11:23:18.294Z
13,Ssrp1,0.6820329897184041,6.757152738251279,0.168026706231454,0.12049215103945694,0.7930474673074501,0.49429528016279345,full-sidecar,leiden,leiden = 0,annotation,leiden,0,2696,all,,,leiden = 1,annotation,leiden,1,2357,all,,,4671,4671,2026-05-20T11:23:18.294Z
14,Add2,0.6080056929755612,6.641878694107913,0.19213649851632048,0.14594823928722953,0.9128276673905573,0.5989086620879467,full-sidecar,leiden,leiden = 0,annotation,leiden,0,2696,all,,,leiden = 1,annotation,leiden,1,2357,all,,,4671,4671,2026-05-20T11:23:18.294Z
15,Top2a,0.5971597141766795,6.4048398971950204,0.18545994065281898,0.14212982605006363,0.8789498843142116,0.5810331000480603,full-sidecar,leiden,leiden = 0,annotation,leiden,0,2696,all,,,leiden = 1,annotation,leiden,1,2357,all,,,4671,4671,2026-05-20T11:23:18.294Z
16,Dek,0.5324008404897368,6.3388122196586165,0.21513353115727002,0.1735256682223165,1.0276541034262683,0.7105230140038653,full-sidecar,leiden,leiden = 0,annotation,leiden,0,2696,all,,,leiden = 1,annotation,leiden,1,2357,all,,,4671,4671,2026-05-20T11:23:18.294Z
17,Tal1,0.8744797877352991,6.319879683273948,0.1016320474777448,0.06533729316928298,0.47733972387427037,0.26036474195940795,full-sidecar,leiden,leiden = 0,annotation,leiden,0,2696,all,,,leiden = 1,annotation,leiden,1,2357,all,,,4671,4671,2026-05-20T11:23:18.294Z
18,Cd5l,0.8640980759954964,6.070906907892031,0.09532640949554896,0.06364022061943148,0.46854098976896497,0.25741117102744776,full-sidecar,leiden,leiden = 0,annotation,leiden,0,2696,all,,,leiden = 1,annotation,leiden,1,2357,all,,,4671,4671,2026-05-20T11:23:18.294Z
19,Odc1,0.4998808372903486,5.852832582700158,0.20808605341246292,0.1697072549851506,0.9993803716024234,0.706726716239421,full-sidecar,leiden,leiden = 0,annotation,leiden,0,2696,all,,,leiden = 1,annotation,leiden,1,2357,all,,,4671,4671,2026-05-20T11:23:18.294Z
20,Mta2,0.5333642005160868,5.763348251873775,0.1847181008902077,0.14679677556215528,0.8619959490589288,0.5955886001247038,full-sidecar,leiden,leiden = 0,annotation,leiden,0,2696,all,,,leiden = 1,annotation,leiden,1,2357,all,,,4671,4671,2026-05-20T11:23:18.294Z
21,Ptbp1,0.6482645100970224,5.741865545354084,0.1368694362017804,0.10012728044123886,0.6244375258241988,0.39842037240175254,full-sidecar,leiden,leiden = 0,annotation,leiden,0,2696,all,,,leiden = 1,annotation,leiden,1,2357,all,,,4671,4671,2026-05-20T11:23:18.294Z
22,Tnfrsf14,0.6077040575078211,5.73678482533529,0.14985163204747776,0.11412812897751379,0.7101455978186972,0.4660257660943065,full-sidecar,leiden,leiden = 0,annotation,leiden,0,2696,all,,,leiden = 1,annotation,leiden,1,2357,all,,,4671,4671,2026-05-20T11:23:18.294Z
23,Hat1,0.8047358316643565,5.4811933901487135,0.08902077151335312,0.06024607551972847,0.41079464820089256,0.23516590867348025,full-sidecar,leiden,leiden = 0,annotation,leiden,0,2696,all,,,leiden = 1,annotation,leiden,1,2357,all,,,4671,4671,2026-05-20T11:23:18.294Z
24,Apobec3,0.5688690438315315,5.404845750792565,0.14948071216617212,0.11709800593975392,0.6981349070984815,0.4706438705483179,full-sidecar,leiden,leiden = 0,annotation,leiden,0,2696,all,,,leiden = 1,annotation,leiden,1,2357,all,,,4671,4671,2026-05-20T11:23:18.294Z
25,Prkab1,0.6863221316615019,5.357095531399724,0.11016320474777448,0.07933814170555792,0.5115374631803892,0.3178874480304548,full-sidecar,leiden,leiden = 0,annotation,leiden,0,2696,all,,,leiden = 1,annotation,leiden,1,2357,all,,,4671,4671,2026-05-20T11:23:18.294Z
26,Ank1,0.46777955000578886,5.1926124218444665,0.18879821958456974,0.1574034789987272,0.9015031852248161,0.6518556064197862,full-sidecar,leiden,leiden = 0,annotation,leiden,0,2696,all,,,leiden = 1,annotation,leiden,1,2357,all,,,4671,4671,2026-05-20T11:23:18.294Z
27,Lmnb1,0.40149856891729263,5.191240712376099,0.23664688427299704,0.2044972422571065,1.1273955429520026,0.853518772388243,full-sidecar,leiden,leiden = 0,annotation,leiden,0,2696,all,,,leiden = 1,annotation,leiden,1,2357,all,,,4671,4671,2026-05-20T11:23:18.294Z
28,Hmox1,0.4556739008675961,5.1641008223695355,0.19362017804154302,0.16504030547305898,0.9584552979080189,0.6988760883847586,full-sidecar,leiden,leiden = 0,annotation,leiden,0,2696,all,,,leiden = 1,annotation,leiden,1,2357,all,,,4671,4671,2026-05-20T11:23:18.294Z
29,Supt16,0.6932379378405273,5.0892154276431345,0.09866468842729971,0.07085277895630038,0.45050414671530004,0.27862031873525783,full-sidecar,leiden,leiden = 0,annotation,leiden,0,2696,all,,,leiden = 1,annotation,leiden,1,2357,all,,,4671,4671,2026-05-20T11:23:18.294Z
30,Cit,0.7599610174453459,5.021082115206799,0.081973293768546,0.058124734832414086,0.38412002038531207,0.22682718204956315,full-sidecar,leiden,leiden = 0,annotation,leiden,0,2696,all,,,leiden = 1,annotation,leiden,1,2357,all,,,4671,4671,2026-05-20T11:23:18.294Z
31,Spta1,0.5517698400056891,4.815949861912683,0.12648367952522255,0.10352142554094187,0.6087291803133594,0.41526422269980584,full-sidecar,leiden,leiden = 0,annotation,leiden,0,2696,all,,,leiden = 1,annotation,leiden,1,2357,all,,,4671,4671,2026-05-20T11:23:18.294Z
32,Mki67,0.2885493682910412,4.797662436110719,0.3293768545994065,0.3101400084853628,1.6303601893720712,1.334816258895382,full-sidecar,leiden,leiden = 0,annotation,leiden,0,2696,all,,,leiden = 1,annotation,leiden,1,2357,all,,,4671,4671,2026-05-20T11:23:18.294Z
33,Cbx3,0.4484848738076634,4.645831087214936,0.168026706231454,0.14000848536274926,0.7872781964897756,0.576926679696175,full-sidecar,leiden,leiden = 0,annotation,leiden,0,2696,all,,,leiden = 1,annotation,leiden,1,2357,all,,,4671,4671,2026-05-20T11:23:18.294Z
34,Trp53,0.5439502943809817,4.616828074708289,0.12091988130563798,0.09800593975392448,0.5587989653430282,0.383274461942858,full-sidecar,leiden,leiden = 0,annotation,leiden,0,2696,all,,,leiden = 1,annotation,leiden,1,2357,all,,,4671,4671,2026-05-20T11:23:18.294Z
35,Birc5,0.6417268974468988,4.612310748884108,0.09161721068249258,0.07085277895630038,0.4296119541195097,0.2753573959036606,full-sidecar,leiden,leiden = 0,annotation,leiden,0,2696,all,,,leiden = 1,annotation,leiden,1,2357,all,,,4671,4671,2026-05-20T11:23:18.294Z
36,Otud5,0.5395069512234308,4.528496034875066,0.11869436201780416,0.0958845990666101,0.5614597041281465,0.3862873324409197,full-sidecar,leiden,leiden = 0,annotation,leiden,0,2696,all,,,leiden = 1,annotation,leiden,1,2357,all,,,4671,4671,2026-05-20T11:23:18.294Z
37,Cd48,0.8845591917510227,4.355029569810553,0.04970326409495549,0.03182011030971574,0.23048542877686837,0.12484266487885493,full-sidecar,leiden,leiden = 0,annotation,leiden,0,2696,all,,,leiden = 1,annotation,leiden,1,2357,all,,,4671,4671,2026-05-20T11:23:18.294Z
38,Uhrf1,0.5951993246097687,4.319310967089731,0.09272997032640949,0.07212558336868902,0.4243844367276313,0.2809222098574276,full-sidecar,leiden,leiden = 0,annotation,leiden,0,2696,all,,,leiden = 1,annotation,leiden,1,2357,all,,,4671,4671,2026-05-20T11:23:18.294Z
39,Hcfc1,0.4928293780049574,4.2969330957651035,0.12537091988130564,0.10352142554094187,0.5812862435858752,0.41307918884817907,full-sidecar,leiden,leiden = 0,annotation,leiden,0,2696,all,,,leiden = 1,annotation,leiden,1,2357,all,,,4671,4671,2026-05-20T11:23:18.294Z
40,Pklr,0.8443094337984866,4.290102291579493,0.05304154302670623,0.03309291472210437,0.23521860134000241,0.13101099030062158,full-sidecar,leiden,leiden = 0,annotation,leiden,0,2696,all,,,leiden = 1,annotation,leiden,1,2357,all,,,4671,4671,2026-05-20T11:23:18.294Z
41,Pml,0.5581477981495766,4.284830503674949,0.10274480712166172,0.07976240984302078,0.4750085467754556,0.3226129250046961,full-sidecar,leiden,leiden = 0,annotation,leiden,0,2696,all,,,leiden = 1,annotation,leiden,1,2357,all,,,4671,4671,2026-05-20T11:23:18.294Z
42,Mfsd2b,0.5646542359641246,4.222483222866191,0.09718100890207715,0.07679253288078065,0.45377839442884177,0.30680716204653363,full-sidecar,leiden,leiden = 0,annotation,leiden,0,2696,all,,,leiden = 1,annotation,leiden,1,2357,all,,,4671,4671,2026-05-20T11:23:18.294Z
43,Plac8,0.24493900305890945,4.206811312680136,0.33827893175074186,0.33008061094611796,1.722560180224014,1.453584789774607,full-sidecar,leiden,leiden = 0,annotation,leiden,0,2696,all,,,leiden = 1,annotation,leiden,1,2357,all,,,4671,4671,2026-05-20T11:23:18.294Z
44,E2f2,0.4620621952936671,4.17670252348695,0.13130563798219586,0.1120067882901994,0.623116381355846,0.45234971912320915,full-sidecar,leiden,leiden = 0,annotation,leiden,0,2696,all,,,leiden = 1,annotation,leiden,1,2357,all,,,4671,4671,2026-05-20T11:23:18.294Z
45,Itga4,0.5276586531947355,4.169670808177713,0.10756676557863501,0.08442935935511243,0.49943306909470603,0.3464462213916803,full-sidecar,leiden,leiden = 0,annotation,leiden,0,2696,all,,,leiden = 1,annotation,leiden,1,2357,all,,,4671,4671,2026-05-20T11:23:18.294Z
46,Ezr,0.5495443666388372,4.1336103364594905,0.09755192878338279,0.07806533729316928,0.45614535438908316,0.31165455335472214,full-sidecar,leiden,leiden = 0,annotation,leiden,0,2696,all,,,leiden = 1,annotation,leiden,1,2357,all,,,4671,4671,2026-05-20T11:23:18.294Z
47,Cd47,0.3434299939447143,4.129869318599187,0.20660237388724034,0.18667798048366568,0.9830665098453488,0.7748186271677191,full-sidecar,leiden,leiden = 0,annotation,leiden,0,2696,all,,,leiden = 1,annotation,leiden,1,2357,all,,,4671,4671,2026-05-20T11:23:18.294Z
48,Aif1,0.7384123375139524,4.051912492796071,0.057863501483679525,0.041154009333899025,0.26937684407927515,0.16146370744523125,full-sidecar,leiden,leiden = 0,annotation,leiden,0,2696,all,,,leiden = 1,annotation,leiden,1,2357,all,,,4671,4671,2026-05-20T11:23:18.294Z
49,Cdca8,0.6810636834510277,4.0304417786262885,0.06528189910979229,0.048366567670767927,0.30020383327580347,0.18723833171502988,full-sidecar,leiden,leiden = 0,annotation,leiden,0,2696,all,,,leiden = 1,annotation,leiden,1,2357,all,,,4671,4671,2026-05-20T11:23:18.294Z
50,Casp3,0.8088276828272738,4.024285664037329,0.05007418397626113,0.03266864658464149,0.224993042139342,0.1284358436696146,full-sidecar,leiden,leiden = 0,annotation,leiden,0,2696,all,,,leiden = 1,annotation,leiden,1,2357,all,,,4671,4671,2026-05-20T11:23:18.294Z
51,Bach2,0.7917525002979704,4.0095912465520005,0.050445103857566766,0.034789987271955876,0.24358866874471263,0.14070661866063025,full-sidecar,leiden,leiden = 0,annotation,leiden,0,2696,all,,,leiden = 1,annotation,leiden,1,2357,all,,,4671,4671,2026-05-20T11:23:18.294Z
52,Tardbp,0.34440907530222586,3.995501429625092,0.19658753709198812,0.17394993635977937,0.9100605558040235,0.7167912584571046,full-sidecar,leiden,leiden = 0,annotation,leiden,0,2696,all,,,leiden = 1,annotation,leiden,1,2357,all,,,4671,4671,2026-05-20T11:23:18.294Z
53,Stom,0.2748765592577137,3.9382923954264104,0.26409495548961426,0.2515910055154858,1.2779033567855902,1.0562138308596702,full-sidecar,leiden,leiden = 0,annotation,leiden,0,2696,all,,,leiden = 1,annotation,leiden,1,2357,all,,,4671,4671,2026-05-20T11:23:18.294Z
54,Cdk2,0.7686892054609565,3.9281128244579984,0.05118694362017804,0.035214255409418756,0.23724520604405275,0.13925078403762603,full-sidecar,leiden,leiden = 0,annotation,leiden,0,2696,all,,,leiden = 1,annotation,leiden,1,2357,all,,,4671,4671,2026-05-20T11:23:18.294Z
55,Hnrnpm,0.3088964501133539,3.89484290245923,0.22292284866468842,0.2006788290199406,1.049638184754714,0.8473296930186062,full-sidecar,leiden,leiden = 0,annotation,leiden,0,2696,all,,,leiden = 1,annotation,leiden,1,2357,all,,,4671,4671,2026-05-20T11:23:18.294Z
56,E2f4,0.46146295410365135,3.890744852636767,0.1172106824925816,0.0975816716164616,0.5453487326907829,0.396058936517624,full-sidecar,leiden,leiden = 0,annotation,leiden,0,2696,all,,,leiden = 1,annotation,leiden,1,2357,all,,,4671,4671,2026-05-20T11:23:18.294Z
57,Knstrn,0.772434910832685,3.860502487789206,0.049332344213649855,0.03351718285956724,0.22547344593690483,0.13199818523748477,full-sidecar,leiden,leiden = 0,annotation,leiden,0,2696,all,,,leiden = 1,annotation,leiden,1,2357,all,,,4671,4671,2026-05-20T11:23:18.294Z
58,Cxcr4,0.3873655961133437,3.8552558006646036,0.1513353115727003,0.13619007212558337,0.7142278877493182,0.5460443938744488,full-sidecar,leiden,leiden = 0,annotation,leiden,0,2696,all,,,leiden = 1,annotation,leiden,1,2357,all,,,4671,4671,2026-05-20T11:23:18.294Z
59,Dbnl,0.5266605494899735,3.8319716492682487,0.09161721068249258,0.07382265591854052,0.4277754659468767,0.2969441698120467,full-sidecar,leiden,leiden = 0,annotation,leiden,0,2696,all,,,leiden = 1,annotation,leiden,1,2357,all,,,4671,4671,2026-05-20T11:23:18.294Z
60,Yeats4,0.8372445062837226,3.797540604743369,0.04191394658753709,0.027577428935086974,0.19384463312717856,0.1084966450158347,full-sidecar,leiden,leiden = 0,annotation,leiden,0,2696,all,,,leiden = 1,annotation,leiden,1,2357,all,,,4671,4671,2026-05-20T11:23:18.294Z
61,Cd27,4.205617159406402,3.795517352138708,0.006305637982195846,0.00042426813746287653,0.02686157097448581,0.0014548970320794256,full-sidecar,leiden,leiden = 0,annotation,leiden,0,2696,all,,,leiden = 1,annotation,leiden,1,2357,all,,,4671,4671,2026-05-20T11:23:18.294Z
62,Usp32,0.5638859321128271,3.7945589598935747,0.07974777448071217,0.06406448875689436,0.37668255245650206,0.25481698540342423,full-sidecar,leiden,leiden = 0,annotation,leiden,0,2696,all,,,leiden = 1,annotation,leiden,1,2357,all,,,4671,4671,2026-05-20T11:23:18.294Z
63,Sphk1,0.9253084544593883,3.779587353999929,0.03523738872403561,0.02206194314806958,0.1610589909978012,0.08480802500809356,full-sidecar,leiden,leiden = 0,annotation,leiden,0,2696,all,,,leiden = 1,annotation,leiden,1,2357,all,,,4671,4671,2026-05-20T11:23:18.294Z
64,Racgap1,0.6962001694372444,3.74317743245285,0.054525222551928786,0.04030547305897327,0.2521770190591274,0.15564217980149747,full-sidecar,leiden,leiden = 0,annotation,leiden,0,2696,all,,,leiden = 1,annotation,leiden,1,2357,all,,,4671,4671,2026-05-20T11:23:18.294Z
65,Hnrnpa1,0.2282934377559868,3.7352994779665805,0.3182492581602374,0.3050487908358082,1.535350884722673,1.3106430307201373,full-sidecar,leiden,leiden = 0,annotation,leiden,0,2696,all,,,leiden = 1,annotation,leiden,1,2357,all,,,4671,4671,2026-05-20T11:23:18.294Z
66,Rad9a,0.9319105752033107,3.667069795044592,0.03301186943620178,0.019940602460755196,0.15138853896265567,0.07935190494150543,full-sidecar,leiden,leiden = 0,annotation,leiden,0,2696,all,,,leiden = 1,annotation,leiden,1,2357,all,,,4671,4671,2026-05-20T11:23:18.294Z
67,Sfpq,0.31213973877433054,3.6654596646669533,0.19770029673590506,0.18031395842172254,0.9224411459634141,0.7429765877098565,full-sidecar,leiden,leiden = 0,annotation,leiden,0,2696,all,,,leiden = 1,annotation,leiden,1,2357,all,,,4671,4671,2026-05-20T11:23:18.294Z
68,Fmr1,0.6096824978281314,3.6649772402286045,0.0663946587537092,0.05006364022061943,0.3004614105917933,0.1969043097862208,full-sidecar,leiden,leiden = 0,annotation,leiden,0,2696,all,,,leiden = 1,annotation,leiden,1,2357,all,,,4671,4671,2026-05-20T11:23:18.294Z
69,Anln,0.6638192310020226,3.65581857035211,0.056750741839762614,0.04242681374628765,0.2696301284458941,0.17019154360904298,full-sidecar,leiden,leiden = 0,annotation,leiden,0,2696,all,,,leiden = 1,annotation,leiden,1,2357,all,,,4671,4671,2026-05-20T11:23:18.294Z
70,Cdk5rap2,0.7984444011153479,3.646435595746454,0.041172106824925815,0.028850233347475603,0.1926427709065842,0.11076315945369185,full-sidecar,leiden,leiden = 0,annotation,leiden,0,2696,all,,,leiden = 1,annotation,leiden,1,2357,all,,,4671,4671,2026-05-20T11:23:18.294Z
71,Srrm1,0.3841977935321765,3.6454834933062883,0.14020771513353117,0.1247348324140857,0.653216568139611,0.5004975185790809,full-sidecar,leiden,leiden = 0,annotation,leiden,0,2696,all,,,leiden = 1,annotation,leiden,1,2357,all,,,4671,4671,2026-05-20T11:23:18.294Z
72,Ptpa,0.3705722535379513,3.63852510114472,0.14985163204747776,0.1302503182011031,0.6982014288003792,0.5400415650352766,full-sidecar,leiden,leiden = 0,annotation,leiden,0,2696,all,,,leiden = 1,annotation,leiden,1,2357,all,,,4671,4671,2026-05-20T11:23:18.294Z
73,Isg20,0.30364744926805715,3.6238346071018106,0.19955489614243324,0.18879932117098006,0.9584893884043312,0.7765692909946369,full-sidecar,leiden,leiden = 0,annotation,leiden,0,2696,all,,,leiden = 1,annotation,leiden,1,2357,all,,,4671,4671,2026-05-20T11:23:18.294Z
74,Alox15,0.9862716042205114,3.5864431200445943,0.028931750741839762,0.01697072549851506,0.13722826889785178,0.06926967392647525,full-sidecar,leiden,leiden = 0,annotation,leiden,0,2696,all,,,leiden = 1,annotation,leiden,1,2357,all,,,4671,4671,2026-05-20T11:23:18.294Z
75,Diaph3,0.6583711097961302,3.5716173213052955,0.05489614243323442,0.0415782774713619,0.2557866677686086,0.1620643419080434,full-sidecar,leiden,leiden = 0,annotation,leiden,0,2696,all,,,leiden = 1,annotation,leiden,1,2357,all,,,4671,4671,2026-05-20T11:23:18.294Z
76,Sell,0.3973812249348103,3.561696945384365,0.12722551928783382,0.1120067882901994,0.6026577064297673,0.4575587000743686,full-sidecar,leiden,leiden = 0,annotation,leiden,0,2696,all,,,leiden = 1,annotation,leiden,1,2357,all,,,4671,4671,2026-05-20T11:23:18.294Z
77,Dhfr,0.9339911247052192,3.560606669465901,0.03115727002967359,0.018667798048366567,0.14082933940236575,0.07371077711520481,full-sidecar,leiden,leiden = 0,annotation,leiden,0,2696,all,,,leiden = 1,annotation,leiden,1,2357,all,,,4671,4671,2026-05-20T11:23:18.294Z
78,Snx5,0.33841250164978043,3.559966737737402,0.16543026706231453,0.1501909206618583,0.766673402103543,0.6063703162517394,full-sidecar,leiden,leiden = 0,annotation,leiden,0,2696,all,,,leiden = 1,annotation,leiden,1,2357,all,,,4671,4671,2026-05-20T11:23:18.294Z
79,Lck,1.6059282379795894,3.5395889988411047,0.013724035608308606,0.005091217649554518,0.06351438067433389,0.02086534265446167,full-sidecar,leiden,leiden = 0,annotation,leiden,0,2696,all,,,leiden = 1,annotation,leiden,1,2357,all,,,4671,4671,2026-05-20T11:23:18.294Z
80,Il1rl1,1.64112727459215,3.449346636226255,0.012611275964391691,0.004666949512091642,0.05803227513055773,0.01860480840599633,full-sidecar,leiden,leiden = 0,annotation,leiden,0,2696,all,,,leiden = 1,annotation,leiden,1,2357,all,,,4671,4671,2026-05-20T11:23:18.294Z
81,H2afz,0.37201094108531807,3.4305373701669524,0.13353115727002968,0.11794654221467968,0.6189728378365231,0.478282987236926,full-sidecar,leiden,leiden = 0,annotation,leiden,0,2696,all,,,leiden = 1,annotation,leiden,1,2357,all,,,4671,4671,2026-05-20T11:23:18.294Z
82,Ncaph,0.6411653518280244,3.4189323470885626,0.052670623145400594,0.04030547305897327,0.24151973766813645,0.15486084297141334,full-sidecar,leiden,leiden = 0,annotation,leiden,0,2696,all,,,leiden = 1,annotation,leiden,1,2357,all,,,4671,4671,2026-05-20T11:23:18.294Z
83,Bcl2l1,0.39796129104695854,3.4059736657080952,0.11646884272997032,0.10436996181586763,0.5512243504870893,0.41834044921787605,full-sidecar,leiden,leiden = 0,annotation,leiden,0,2696,all,,,leiden = 1,annotation,leiden,1,2357,all,,,4671,4671,2026-05-20T11:23:18.294Z
84,Adam10,0.33554136856996464,3.3996566917924422,0.15467359050445104,0.14128128977513787,0.7253421125850621,0.5748237708791313,full-sidecar,leiden,leiden = 0,annotation,leiden,0,2696,all,,,leiden = 1,annotation,leiden,1,2357,all,,,4671,4671,2026-05-20T11:23:18.294Z
85,Rec114,0.8101880279214921,3.3994488002625998,0.03560830860534125,0.023759015697921087,0.1691178517631678,0.0964487536660584,full-sidecar,leiden,leiden = 0,annotation,leiden,0,2696,all,,,leiden = 1,annotation,leiden,1,2357,all,,,4671,4671,2026-05-20T11:23:18.294Z
86,Ccne1,0.8001859663620555,3.36909612136905,0.03560830860534125,0.024183283835383963,0.16272545700964658,0.0934487600977966,full-sidecar,leiden,leiden = 0,annotation,leiden,0,2696,all,,,leiden = 1,annotation,leiden,1,2357,all,,,4671,4671,2026-05-20T11:23:18.294Z
87,Kcnn4,0.4872012386995135,3.36854835348565,0.0830860534124629,0.06703436571913449,0.38342372865280694,0.27353716685603013,full-sidecar,leiden,leiden = 0,annotation,leiden,0,2696,all,,,leiden = 1,annotation,leiden,1,2357,all,,,4671,4671,2026-05-20T11:23:18.294Z
88,Cxcr2,0.54423315051335,3.347208196523312,0.06750741839762611,0.05345778532032244,0.3204111336600533,0.21972348288453936,full-sidecar,leiden,leiden = 0,annotation,leiden,0,2696,all,,,leiden = 1,annotation,leiden,1,2357,all,,,4671,4671,2026-05-20T11:23:18.294Z
89,Inpp5d,0.4596412755454026,3.333043855586415,0.08902077151335312,0.07467119219346627,0.409770303734686,0.2979711882381253,full-sidecar,leiden,leiden = 0,annotation,leiden,0,2696,all,,,leiden = 1,annotation,leiden,1,2357,all,,,4671,4671,2026-05-20T11:23:18.294Z
90,Rab43,0.5243724670176928,3.3304227032337916,0.07158753709198813,0.056851930420025454,0.33494274375700456,0.23287247761761581,full-sidecar,leiden,leiden = 0,annotation,leiden,0,2696,all,,,leiden = 1,annotation,leiden,1,2357,all,,,4671,4671,2026-05-20T11:23:18.294Z
91,Pik3cd,0.6096386325162757,3.3238919386207755,0.05526706231454006,0.0415782774713619,0.2552558609922845,0.16728434999665823,full-sidecar,leiden,leiden = 0,annotation,leiden,0,2696,all,,,leiden = 1,annotation,leiden,1,2357,all,,,4671,4671,2026-05-20T11:23:18.294Z
92,Myc,0.5165649572147908,3.3098672519204717,0.07344213649851632,0.057276198557488334,0.3312611745266957,0.23156260473019094,full-sidecar,leiden,leiden = 0,annotation,leiden,0,2696,all,,,leiden = 1,annotation,leiden,1,2357,all,,,4671,4671,2026-05-20T11:23:18.294Z
93,Anp32e,0.42724436712554464,3.308958825548407,0.09903560830860535,0.08527789563003818,0.4571856542404752,0.33999998436977563,full-sidecar,leiden,leiden = 0,annotation,leiden,0,2696,all,,,leiden = 1,annotation,leiden,1,2357,all,,,4671,4671,2026-05-20T11:23:18.294Z
94,Lbr,0.2861329397865301,3.3085499352189447,0.18805637982195847,0.18031395842172254,0.8912836199167574,0.7309391444954368,full-sidecar,leiden,leiden = 0,annotation,leiden,0,2696,all,,,leiden = 1,annotation,leiden,1,2357,all,,,4671,4671,2026-05-20T11:23:18.294Z
95,Grk2,0.26262487418304864,3.301015485229379,0.2166172106824926,0.20492151039456938,1.0223048005684192,0.8521623661015364,full-sidecar,leiden,leiden = 0,annotation,leiden,0,2696,all,,,leiden = 1,annotation,leiden,1,2357,all,,,4671,4671,2026-05-20T11:23:18.294Z
96,Slc40a1,0.36683947163278463,3.2829141200339835,0.12537091988130564,0.11327959270258804,0.5992065798988682,0.4646721878545386,full-sidecar,leiden,leiden = 0,annotation,leiden,0,2696,all,,,leiden = 1,annotation,leiden,1,2357,all,,,4671,4671,2026-05-20T11:23:18.294Z
97,Ago2,0.4316462587790822,3.2709212717518215,0.09495548961424333,0.08230801866779805,0.44218126832554533,0.327839687510876,full-sidecar,leiden,leiden = 0,annotation,leiden,0,2696,all,,,leiden = 1,annotation,leiden,1,2357,all,,,4671,4671,2026-05-20T11:23:18.294Z
98,Kpnb1,0.288549900134167,3.2444311398580434,0.18286350148367952,0.16885871871022487,0.8499130601345255,0.6958445250406374,full-sidecar,leiden,leiden = 0,annotation,leiden,0,2696,all,,,leiden = 1,annotation,leiden,1,2357,all,,,4671,4671,2026-05-20T11:23:18.294Z
99,H2afx,0.36430228012926913,3.20774922349815,0.12091988130563798,0.11158252015273654,0.5750194216694252,0.44670044258078834,full-sidecar,leiden,leiden = 0,annotation,leiden,0,2696,all,,,leiden = 1,annotation,leiden,1,2357,all,,,4671,4671,2026-05-20T11:23:18.294Z
100,Eps15,0.33252443674311094,3.187233741536828,0.14132047477744808,0.12770470937632583,0.6544601985361173,0.519736524552777,full-sidecar,leiden,leiden = 0,annotation,leiden,0,2696,all,,,leiden = 1,annotation,leiden,1,2357,all,,,4671,4671,2026-05-20T11:23:18.294Z